SKU,SKU_Name,Brand,Forecast_Demand,Actual_Production,Machine_Capacity,Inventory_Capacity,Actual_Sales,Machine_Name
1,Coffee Tub,Arctic Treats,4765,4809,5379,1641,4890,Machine_3
2,Vanilla Cone,Arctic Treats,4028,4234,3688,1446,4127,Machine_1
3,Mango Cup,Frosty Delights,1691,1932,4251,2065,1844,Machine_7
4,Pistachio Tub,Polar Joy,4542,4813,5796,1752,4614,Machine_2
5,Chocolate Stick,Sunny Scoops,3142,3114,5088,1503,2865,Machine_2
6,Coffee Tub,Velvet Freeze,3172,3283,5719,1775,3437,Machine_1
7,Chocolate Cup,Velvet Freeze,1997,1923,3581,2593,2170,Machine_2
8,Blueberry Stick,Frosty Delights,1486,1159,4149,2848,1667,Machine_7
9,Caramel Stick,Sunny Scoops,3179,2890,5151,1368,3369,Machine_1
10,Coffee Cup,Polar Joy,1500,1395,5415,1929,1246,Machine_8
11,Chocolate Cup,Velvet Freeze,3723,3832,5158,2706,3512,Machine_2
12,Mint Stick,Polar Joy,1586,1222,3460,2961,1376,Machine_8
13,Mint Cone,Velvet Freeze,4479,4036,4094,1804,4356,Machine_7
14,Chocolate Stick,Creamy Bliss,3060,3520,3157,2385,2951,Machine_7
15,Mint Sandwich,Polar Joy,4199,4336,5312,2236,4343,Machine_2
16,Vanilla Cone,Arctic Treats,4515,4598,4956,1324,4347,Machine_9
17,Caramel Sandwich,Creamy Bliss,2698,2302,5484,1549,2646,Machine_10
18,Strawberry Sandwich,Polar Joy,2657,2938,3363,2557,2865,Machine_4
19,Cookie Dough Stick,Polar Joy,4342,4331,5208,1232,4056,Machine_5
20,Mango Cup,Sunny Scoops,2983,3437,4745,1519,2702,Machine_5
21,Coffee Cup,Frosty Delights,2022,1825,5541,1915,2301,Machine_4
22,Mint Tub,Arctic Treats,3118,3071,3939,1937,3220,Machine_1
23,Mint Cup,Velvet Freeze,4088,4422,5784,2722,4215,Machine_3
24,Pistachio Cone,Creamy Bliss,3488,3760,4678,1797,3237,Machine_7
25,Mint Cone,Creamy Bliss,4158,4495,3301,2348,4299,Machine_6
26,Strawberry Cup,Velvet Freeze,4611,4508,3890,2211,4808,Machine_9
27,Pistachio Stick,Frosty Delights,4952,5000,5718,1738,5105,Machine_1
28,Mint Sandwich,Frosty Delights,1253,1716,3569,1911,1246,Machine_4
29,Mango Cup,Polar Joy,3660,4152,4141,1777,3415,Machine_2
30,Blueberry Stick,Velvet Freeze,1655,1710,3122,1346,1358,Machine_9
31,Chocolate Stick,Velvet Freeze,3734,3383,3833,2345,3911,Machine_7
32,Chocolate Cone,Frosty Delights,4508,4752,5758,1104,4210,Machine_6
33,Pistachio Sandwich,Creamy Bliss,2116,1693,4740,1710,2102,Machine_1
34,Vanilla Cone,Polar Joy,3860,3947,5174,2971,3850,Machine_8
35,Caramel Cup,Frosty Delights,3987,3822,4364,1622,3807,Machine_10
36,Chocolate Cup,Sunny Scoops,3380,3474,3779,1875,3257,Machine_8
37,Caramel Cone,Sunny Scoops,2327,2433,4552,1780,2081,Machine_10
38,Coffee Cup,Creamy Bliss,3553,3945,4439,1356,3683,Machine_6
39,Mango Sandwich,Arctic Treats,1996,2092,4183,2357,2244,Machine_6
40,Pistachio Cup,Arctic Treats,1837,1443,3612,2715,1592,Machine_2
41,Mint Cup,Polar Joy,3987,4461,3928,1940,3876,Machine_3
42,Caramel Cone,Frosty Delights,2890,2575,3420,2914,2916,Machine_2
43,Vanilla Cone,Sunny Scoops,4293,3969,3938,1177,4187,Machine_10
44,Caramel Sandwich,Velvet Freeze,4518,4993,3536,2668,4430,Machine_7
45,Cookie Dough Cone,Arctic Treats,4809,4813,4600,1999,4754,Machine_3
46,Chocolate Tub,Frosty Delights,2860,2912,3980,2829,2765,Machine_3
47,Mint Stick,Polar Joy,4039,4431,4865,1337,3901,Machine_8
48,Blueberry Cone,Creamy Bliss,3377,2887,3933,1352,3573,Machine_4
49,Chocolate Cup,Polar Joy,2699,2807,4622,1011,2714,Machine_7
50,Cookie Dough Cone,Creamy Bliss,1584,1967,3063,1664,1326,Machine_9
51,Chocolate Cone,Arctic Treats,4910,5347,5125,2409,5079,Machine_7
52,Strawberry Sandwich,Creamy Bliss,4106,3738,3245,2344,4013,Machine_4
53,Coffee Cup,Sunny Scoops,3653,3453,4090,2977,3459,Machine_2
54,Vanilla Cup,Polar Joy,2081,2292,3942,1827,1982,Machine_4
55,Strawberry Sandwich,Polar Joy,2495,2773,4010,2655,2554,Machine_2
56,Coffee Tub,Arctic Treats,4364,3993,4547,2015,4075,Machine_4
57,Chocolate Cup,Frosty Delights,4446,4494,5485,1092,4705,Machine_3
58,Chocolate Sandwich,Velvet Freeze,2150,2537,5770,2677,1998,Machine_10
59,Cookie Dough Cone,Frosty Delights,2404,2733,4231,2334,2226,Machine_8
60,Mango Stick,Arctic Treats,1690,1840,3192,2258,1650,Machine_4
61,Pistachio Cone,Velvet Freeze,2036,2151,3530,2948,2143,Machine_2
62,Blueberry Cup,Frosty Delights,1510,1767,5646,2980,1335,Machine_7
63,Mango Cup,Polar Joy,3983,4403,3979,1189,4015,Machine_10
64,Mint Sandwich,Polar Joy,3234,3167,5724,2022,3342,Machine_1
65,Blueberry Tub,Polar Joy,3974,3619,4463,1709,3867,Machine_6
66,Vanilla Stick,Sunny Scoops,1715,1438,4118,1222,1997,Machine_8
67,Pistachio Tub,Polar Joy,3601,3801,4586,2214,3657,Machine_2
68,Mango Sandwich,Velvet Freeze,3361,3447,4903,2539,3563,Machine_9
69,Pistachio Cone,Polar Joy,3568,3501,5305,2768,3646,Machine_9
70,Caramel Tub,Frosty Delights,4187,4564,3536,1063,3966,Machine_6
71,Strawberry Sandwich,Creamy Bliss,2846,2736,5476,1066,2610,Machine_5
72,Pistachio Stick,Sunny Scoops,1969,2268,4982,1571,2137,Machine_1
73,Cookie Dough Stick,Velvet Freeze,3275,3749,3737,2826,3407,Machine_9
74,Chocolate Stick,Creamy Bliss,4259,4019,5468,2770,4202,Machine_7
75,Coffee Cone,Sunny Scoops,2140,2578,5752,2874,1860,Machine_9
76,Cookie Dough Tub,Arctic Treats,3861,3464,3080,2517,4082,Machine_8
77,Chocolate Stick,Creamy Bliss,2816,2670,3358,1739,2795,Machine_2
78,Chocolate Sandwich,Velvet Freeze,2779,2957,5399,1670,3066,Machine_6
79,Mint Sandwich,Velvet Freeze,1437,1785,3232,1506,1485,Machine_5
80,Caramel Cone,Arctic Treats,3209,3024,3095,2887,3111,Machine_1
81,Vanilla Cone,Frosty Delights,4191,4391,4773,2658,4167,Machine_9
82,Chocolate Stick,Sunny Scoops,1819,1522,5455,2570,1692,Machine_6
83,Blueberry Cone,Velvet Freeze,4110,4173,4436,1169,4267,Machine_10
84,Caramel Sandwich,Arctic Treats,3300,3550,5104,2413,3224,Machine_1
85,Cookie Dough Sandwich,Sunny Scoops,1436,1457,3289,2436,1453,Machine_8
86,Cookie Dough Tub,Velvet Freeze,3253,2797,5626,2777,3189,Machine_3
87,Mint Sandwich,Velvet Freeze,2312,2634,3235,1914,2577,Machine_5
88,Mint Stick,Sunny Scoops,3023,3426,4598,1916,2824,Machine_6
89,Vanilla Cup,Velvet Freeze,4674,4619,5327,2091,4699,Machine_5
90,Coffee Cone,Frosty Delights,1787,2004,4518,1880,1696,Machine_2
91,Mint Stick,Frosty Delights,1268,1472,5049,1688,1431,Machine_10
92,Mango Cup,Arctic Treats,3339,3038,3102,2543,3478,Machine_10
93,Mango Cone,Arctic Treats,2108,2351,3004,1316,2303,Machine_9
94,Blueberry Sandwich,Arctic Treats,1027,1458,5357,1214,1183,Machine_7
95,Pistachio Stick,Sunny Scoops,3406,3384,4334,2585,3277,Machine_1
96,Strawberry Sandwich,Creamy Bliss,3534,4020,5144,2707,3604,Machine_5
97,Chocolate Sandwich,Creamy Bliss,2177,2530,5146,2158,2390,Machine_9
98,Chocolate Cup,Sunny Scoops,1050,1138,4092,2594,1190,Machine_6
99,Chocolate Sandwich,Polar Joy,1776,1680,4265,2785,1564,Machine_8
100,Pistachio Cone,Frosty Delights,1470,1701,3802,1732,1380,Machine_6
101,Blueberry Sandwich,Polar Joy,1333,1353,3201,1597,1320,Machine_4
102,Coffee Cone,Sunny Scoops,3457,3846,4066,1994,3224,Machine_3
103,Cookie Dough Stick,Velvet Freeze,2993,3086,4779,1524,3102,Machine_4
104,Mango Stick,Sunny Scoops,4538,4670,5608,2236,4269,Machine_5
105,Pistachio Stick,Frosty Delights,1838,2310,3651,1662,2051,Machine_4
106,Strawberry Cone,Polar Joy,1645,1786,5650,1743,1898,Machine_6
107,Mango Sandwich,Velvet Freeze,1606,1694,5768,1668,1416,Machine_4
108,Mango Tub,Sunny Scoops,4308,3815,4709,1528,4325,Machine_3
109,Caramel Cup,Velvet Freeze,3610,3237,5107,2465,3733,Machine_2
110,Pistachio Stick,Frosty Delights,2190,2014,4210,1991,2292,Machine_1
111,Vanilla Sandwich,Polar Joy,4650,5062,4981,1932,4545,Machine_1
112,Caramel Cone,Arctic Treats,3391,3648,4138,2637,3439,Machine_8
113,Coffee Tub,Creamy Bliss,3386,3839,3878,1768,3467,Machine_5
114,Blueberry Stick,Frosty Delights,1678,2086,3294,1029,1783,Machine_2
115,Mint Sandwich,Velvet Freeze,2354,2508,3807,2324,2095,Machine_2
116,Cookie Dough Stick,Creamy Bliss,4689,4575,5059,1539,4763,Machine_6
117,Pistachio Cone,Polar Joy,3607,3812,3186,2937,3393,Machine_1
118,Vanilla Sandwich,Sunny Scoops,2166,1962,5698,1165,2338,Machine_7
119,Vanilla Cup,Sunny Scoops,3756,3421,5464,1666,4009,Machine_3
120,Caramel Cup,Sunny Scoops,3400,3881,3844,1711,3637,Machine_9
121,Chocolate Stick,Velvet Freeze,1232,1658,4742,2349,1390,Machine_9
122,Mint Cup,Sunny Scoops,2833,3163,4669,1056,3064,Machine_3
123,Mint Cone,Polar Joy,4204,4502,5207,2635,4253,Machine_8
124,Cookie Dough Cone,Sunny Scoops,1486,1872,5020,1799,1646,Machine_8
125,Mint Cup,Polar Joy,4790,4467,3837,1232,4681,Machine_3
126,Mint Cone,Polar Joy,1732,1897,4105,2222,1928,Machine_1
127,Pistachio Cone,Velvet Freeze,3057,3093,3342,1692,3109,Machine_3
128,Caramel Tub,Frosty Delights,1113,666,5332,1112,1353,Machine_8
129,Mango Tub,Velvet Freeze,2207,1784,5061,1134,2257,Machine_3
130,Mango Tub,Sunny Scoops,3119,3539,3667,1802,2948,Machine_9
131,Pistachio Tub,Arctic Treats,4610,4638,5878,1587,4855,Machine_6
132,Pistachio Cup,Polar Joy,3539,3428,3680,1829,3335,Machine_2
133,Vanilla Sandwich,Arctic Treats,3643,3418,4100,2736,3586,Machine_6
134,Chocolate Cup,Velvet Freeze,3086,2649,5193,2254,3068,Machine_3
135,Pistachio Cone,Arctic Treats,4699,4959,5134,1191,4850,Machine_5
136,Mango Cup,Frosty Delights,4687,5080,3757,2066,4942,Machine_4
137,Vanilla Cup,Sunny Scoops,1371,1587,3590,1252,1560,Machine_10
138,Caramel Tub,Sunny Scoops,4319,4493,4345,1186,4163,Machine_10
139,Caramel Stick,Creamy Bliss,1589,2016,3130,1026,1709,Machine_1
140,Vanilla Sandwich,Polar Joy,4965,4585,5158,2304,4857,Machine_10
141,Coffee Tub,Sunny Scoops,3716,3375,5731,2597,3646,Machine_8
142,Pistachio Cup,Creamy Bliss,1204,813,4695,2582,1502,Machine_7
143,Blueberry Stick,Polar Joy,3775,3463,5071,2011,3927,Machine_7
144,Coffee Cup,Arctic Treats,3238,3560,4428,1888,3322,Machine_3
145,Vanilla Stick,Polar Joy,3886,3434,3844,1118,4172,Machine_7
146,Mint Cup,Polar Joy,2428,2809,3510,2993,2235,Machine_2
147,Chocolate Sandwich,Arctic Treats,1051,1401,4367,2076,1003,Machine_6
148,Mango Cup,Arctic Treats,1391,1344,4870,1582,1525,Machine_3
149,Blueberry Sandwich,Velvet Freeze,1238,1547,5842,1079,1166,Machine_4
150,Caramel Cup,Polar Joy,1195,786,3931,1115,1395,Machine_1
151,Mint Cone,Creamy Bliss,4354,4049,4770,1123,4558,Machine_5
152,Cookie Dough Tub,Sunny Scoops,4592,4942,3105,1214,4776,Machine_9
153,Mango Cup,Sunny Scoops,2993,2877,4955,1442,3211,Machine_3
154,Chocolate Cone,Velvet Freeze,3070,3258,3554,1910,3056,Machine_9
155,Mint Cup,Velvet Freeze,3492,3784,5869,1299,3485,Machine_6
156,Cookie Dough Sandwich,Sunny Scoops,4453,4612,5937,2294,4385,Machine_7
157,Mint Tub,Velvet Freeze,2067,1847,5197,2443,2364,Machine_5
158,Caramel Cup,Creamy Bliss,3976,4378,5861,2335,4262,Machine_10
159,Pistachio Cone,Arctic Treats,1916,1651,5838,2649,2035,Machine_7
160,Cookie Dough Stick,Arctic Treats,4853,4641,5349,2664,4686,Machine_1
161,Chocolate Cup,Creamy Bliss,1782,1677,3531,1375,1893,Machine_7
162,Vanilla Sandwich,Polar Joy,4121,3817,5674,1202,4074,Machine_7
163,Mint Sandwich,Frosty Delights,1748,1920,3084,2382,1879,Machine_6
164,Mango Cone,Creamy Bliss,3401,3245,3750,1856,3288,Machine_10
165,Blueberry Cup,Creamy Bliss,4037,3555,3896,2719,3834,Machine_7
166,Blueberry Stick,Arctic Treats,4415,4587,5031,2247,4662,Machine_2
167,Mint Sandwich,Arctic Treats,1147,1605,5363,2296,1315,Machine_8
168,Vanilla Cup,Polar Joy,3904,3833,5136,1046,3844,Machine_6
169,Mint Tub,Frosty Delights,4879,4584,4586,1561,5119,Machine_4
170,Cookie Dough Sandwich,Arctic Treats,2601,3026,3143,1911,2780,Machine_7
171,Mango Sandwich,Polar Joy,4148,3710,5081,2866,3976,Machine_5
172,Coffee Sandwich,Creamy Bliss,4079,4289,4383,1027,4250,Machine_10
173,Mango Sandwich,Polar Joy,2641,2498,5993,2971,2830,Machine_10
174,Cookie Dough Cone,Arctic Treats,2719,2873,4936,1743,2580,Machine_8
175,Strawberry Cone,Frosty Delights,3218,3708,3745,1193,3209,Machine_4
176,Strawberry Sandwich,Creamy Bliss,3412,3138,4932,2381,3512,Machine_3
177,Pistachio Cone,Frosty Delights,4087,4518,5625,2081,4087,Machine_2
178,Caramel Tub,Polar Joy,2237,2454,3805,2989,2208,Machine_7
179,Vanilla Tub,Polar Joy,1568,1290,3147,2643,1281,Machine_2
180,Pistachio Tub,Arctic Treats,3919,4003,5570,1624,3933,Machine_10
181,Vanilla Stick,Arctic Treats,1911,1480,5853,2656,1680,Machine_4
182,Strawberry Sandwich,Arctic Treats,4510,4204,4555,2538,4292,Machine_6
183,Strawberry Stick,Creamy Bliss,2265,1810,3051,2328,2464,Machine_3
184,Cookie Dough Cup,Polar Joy,3283,3156,5614,1387,3328,Machine_8
185,Mint Cone,Sunny Scoops,3397,3707,3179,2611,3216,Machine_8
186,Cookie Dough Cone,Frosty Delights,2875,2916,3653,1103,2705,Machine_2
187,Coffee Tub,Polar Joy,4241,4451,3352,2543,4371,Machine_8
188,Vanilla Cup,Polar Joy,4653,4972,5763,1432,4930,Machine_6
189,Vanilla Cup,Polar Joy,3087,3422,3216,2637,2966,Machine_10
190,Blueberry Sandwich,Velvet Freeze,3691,3905,4934,2141,3611,Machine_9
191,Mango Cup,Polar Joy,4301,4312,3286,2995,4006,Machine_10
192,Caramel Cup,Polar Joy,1183,1359,3834,2732,1429,Machine_3
193,Chocolate Cone,Polar Joy,2554,2128,3284,2813,2504,Machine_7
194,Blueberry Stick,Sunny Scoops,2948,3352,3075,1841,2712,Machine_8
195,Pistachio Sandwich,Velvet Freeze,4076,4224,3497,1586,3793,Machine_6
196,Strawberry Sandwich,Creamy Bliss,1649,1838,3179,1361,1611,Machine_1
197,Cookie Dough Tub,Creamy Bliss,4903,5072,3570,2606,4644,Machine_8
198,Strawberry Stick,Creamy Bliss,2270,2556,4863,1172,2124,Machine_1
199,Pistachio Tub,Arctic Treats,2537,2314,3351,2657,2359,Machine_1
200,Caramel Cup,Velvet Freeze,3143,3534,3276,2112,2883,Machine_8
201,Vanilla Tub,Velvet Freeze,1873,1615,6000,2744,1735,Machine_1
202,Mint Tub,Polar Joy,4542,4119,3185,1448,4514,Machine_9
203,Pistachio Tub,Sunny Scoops,3527,3679,3418,2569,3284,Machine_1
204,Caramel Sandwich,Arctic Treats,3180,3318,5855,1158,3358,Machine_10
205,Pistachio Cone,Arctic Treats,3650,3981,5073,1341,3350,Machine_6
206,Chocolate Cone,Velvet Freeze,4493,4934,4674,1273,4208,Machine_3
207,Mango Stick,Creamy Bliss,1283,1346,4063,1183,1550,Machine_9
208,Coffee Cup,Polar Joy,1121,1570,5992,2199,1121,Machine_1
209,Mango Stick,Sunny Scoops,3156,3405,4513,2426,3229,Machine_4
210,Vanilla Cup,Frosty Delights,2469,2892,3643,1925,2373,Machine_4
211,Pistachio Sandwich,Polar Joy,3198,2713,5491,2671,3206,Machine_10
212,Vanilla Cup,Sunny Scoops,1696,1279,4157,2278,1953,Machine_8
213,Cookie Dough Cone,Arctic Treats,2476,2644,5713,2907,2231,Machine_1
214,Coffee Cup,Velvet Freeze,3430,3686,4347,2251,3299,Machine_10
215,Cookie Dough Sandwich,Frosty Delights,1876,1481,4012,2507,2020,Machine_4
216,Cookie Dough Sandwich,Frosty Delights,3286,3372,3594,1441,3338,Machine_3
217,Mint Cup,Velvet Freeze,4270,4744,5755,1159,4258,Machine_3
218,Coffee Cone,Polar Joy,4149,4114,4536,1427,4381,Machine_7
219,Mango Sandwich,Velvet Freeze,4343,4748,5371,2675,4157,Machine_3
220,Coffee Tub,Polar Joy,1866,1401,4464,1106,1987,Machine_10
221,Mint Sandwich,Frosty Delights,2241,2635,4680,1375,2498,Machine_3
222,Pistachio Tub,Arctic Treats,3758,3594,5905,2990,4033,Machine_8
223,Strawberry Stick,Polar Joy,2293,2644,4227,2357,2488,Machine_5
224,Vanilla Cup,Velvet Freeze,1851,1973,4198,2518,1658,Machine_1
225,Vanilla Tub,Arctic Treats,2212,2674,3201,1009,2196,Machine_7
226,Caramel Sandwich,Polar Joy,3495,3088,3509,2137,3526,Machine_9
227,Vanilla Cone,Sunny Scoops,4154,3830,3206,1381,4306,Machine_9
228,Chocolate Sandwich,Arctic Treats,2204,2651,5032,2632,2449,Machine_7
229,Strawberry Cone,Velvet Freeze,1620,1927,4792,2789,1666,Machine_10
230,Pistachio Cup,Polar Joy,4579,4924,5210,2611,4445,Machine_8
231,Pistachio Stick,Velvet Freeze,2941,2955,4024,1384,3061,Machine_2
232,Vanilla Cup,Polar Joy,1001,1481,5660,1841,828,Machine_4
233,Mango Tub,Polar Joy,1276,1422,3547,2680,1456,Machine_10
234,Mint Cone,Velvet Freeze,3051,3276,5494,2853,2933,Machine_3
235,Chocolate Tub,Velvet Freeze,4709,4350,5741,2997,4708,Machine_10
236,Cookie Dough Stick,Polar Joy,1905,2024,3205,1408,1802,Machine_5
237,Coffee Cup,Creamy Bliss,3897,3709,3411,1452,3628,Machine_3
238,Mint Tub,Frosty Delights,4421,4064,3558,1824,4423,Machine_6
239,Mango Stick,Creamy Bliss,4046,3912,3040,1364,3982,Machine_4
240,Mint Cup,Velvet Freeze,2963,2463,4804,1493,2813,Machine_7
241,Blueberry Cup,Creamy Bliss,4229,3797,5442,2654,4356,Machine_8
242,Pistachio Sandwich,Sunny Scoops,2560,2349,4917,2355,2677,Machine_3
243,Strawberry Cup,Creamy Bliss,3599,3346,5471,2535,3511,Machine_2
244,Mango Stick,Velvet Freeze,2489,2697,3028,1424,2638,Machine_3
245,Cookie Dough Tub,Sunny Scoops,1779,1461,3514,1129,1764,Machine_1
246,Cookie Dough Stick,Sunny Scoops,1837,1826,5126,2481,1922,Machine_6
247,Chocolate Cone,Arctic Treats,1425,1315,3143,1421,1697,Machine_2
248,Mango Cone,Velvet Freeze,1387,1663,4229,2781,1506,Machine_9
249,Chocolate Sandwich,Creamy Bliss,4595,4780,5135,1844,4369,Machine_6
250,Cookie Dough Cup,Velvet Freeze,4267,4696,3874,2532,4207,Machine_7
251,Chocolate Tub,Creamy Bliss,4619,4501,4283,2783,4805,Machine_5
252,Cookie Dough Tub,Sunny Scoops,4744,4443,3358,1637,4876,Machine_6
253,Mint Stick,Sunny Scoops,4893,4570,5987,2019,5155,Machine_8
254,Blueberry Sandwich,Creamy Bliss,2479,2607,3955,1379,2393,Machine_6
255,Strawberry Stick,Polar Joy,2357,2794,4474,2932,2205,Machine_1
256,Pistachio Cup,Velvet Freeze,3057,2598,3486,2805,2809,Machine_9
257,Pistachio Cone,Creamy Bliss,1377,1537,3960,2847,1650,Machine_10
258,Blueberry Cone,Polar Joy,4089,4341,3828,1890,4001,Machine_10
259,Vanilla Cone,Sunny Scoops,3570,3552,4430,1227,3527,Machine_8
260,Blueberry Cup,Velvet Freeze,1024,693,5658,1287,1273,Machine_4
261,Coffee Tub,Creamy Bliss,4227,4511,3481,1977,4238,Machine_8
262,Coffee Tub,Velvet Freeze,3630,4122,5912,1043,3741,Machine_9
263,Vanilla Sandwich,Polar Joy,4129,4029,5897,1532,4076,Machine_10
264,Caramel Sandwich,Sunny Scoops,1295,1276,4570,1986,1231,Machine_8
265,Mango Cup,Arctic Treats,3538,3264,4290,2936,3805,Machine_7
266,Chocolate Stick,Sunny Scoops,2261,2652,4320,2841,1965,Machine_6
267,Cookie Dough Tub,Velvet Freeze,1227,843,4184,1054,1031,Machine_7
268,Mango Tub,Arctic Treats,4131,4121,5697,2709,3907,Machine_4
269,Mango Cone,Creamy Bliss,2937,3072,5635,2423,3165,Machine_10
270,Caramel Stick,Creamy Bliss,4619,4825,4632,1303,4657,Machine_3
271,Pistachio Tub,Polar Joy,1725,2075,5262,1373,1527,Machine_6
272,Mango Tub,Sunny Scoops,1219,1111,3757,1360,1179,Machine_7
273,Caramel Stick,Velvet Freeze,1915,1957,4128,1143,1775,Machine_2
274,Pistachio Tub,Frosty Delights,3927,4140,3977,1633,3645,Machine_1
275,Vanilla Sandwich,Arctic Treats,1713,1330,4331,1228,1423,Machine_4
276,Mint Sandwich,Frosty Delights,2307,2124,3880,2498,2300,Machine_6
277,Vanilla Cone,Creamy Bliss,1969,2171,3081,2882,2181,Machine_4
278,Blueberry Tub,Creamy Bliss,4523,4998,5929,2464,4333,Machine_7
279,Chocolate Stick,Creamy Bliss,1661,2087,5583,2127,1854,Machine_3
280,Blueberry Tub,Arctic Treats,4900,4511,5048,2478,5185,Machine_9
281,Strawberry Cup,Frosty Delights,3110,3542,3634,2294,3058,Machine_8
282,Mango Cup,Arctic Treats,1373,1740,5517,1178,1612,Machine_10
283,Mango Cup,Sunny Scoops,1054,1040,4949,2593,1308,Machine_4
284,Pistachio Cone,Sunny Scoops,2982,2486,5742,2120,2792,Machine_10
285,Mango Tub,Creamy Bliss,3789,3797,3200,2092,3623,Machine_1
286,Pistachio Tub,Creamy Bliss,1483,1412,3843,2985,1734,Machine_8
287,Vanilla Cup,Frosty Delights,2730,2656,5372,2313,2854,Machine_6
288,Coffee Stick,Polar Joy,4708,4667,3011,1953,4596,Machine_9
289,Strawberry Sandwich,Frosty Delights,4641,4299,5442,1401,4352,Machine_5
290,Cookie Dough Stick,Sunny Scoops,1640,1276,5259,2002,1804,Machine_7
291,Vanilla Cup,Velvet Freeze,3095,3391,3858,2609,3112,Machine_2
292,Pistachio Tub,Frosty Delights,1134,1016,3387,1268,925,Machine_2
293,Caramel Cone,Sunny Scoops,3763,3974,5153,1388,3838,Machine_6
294,Coffee Stick,Creamy Bliss,3833,4302,4720,1385,3573,Machine_9
295,Pistachio Stick,Polar Joy,4919,4901,3577,1515,4731,Machine_1
296,Chocolate Sandwich,Polar Joy,3869,4222,3651,2297,3822,Machine_5
297,Pistachio Cup,Velvet Freeze,2576,2150,4897,2404,2829,Machine_2
298,Mango Cone,Frosty Delights,1497,1937,5375,1812,1437,Machine_5
299,Caramel Tub,Polar Joy,1492,1668,4039,2139,1578,Machine_7
300,Coffee Cone,Polar Joy,4155,4201,3229,1521,4184,Machine_8
301,Cookie Dough Stick,Arctic Treats,4344,4247,5274,1494,4634,Machine_4
302,Cookie Dough Cup,Polar Joy,1523,1404,5075,2119,1232,Machine_3
303,Blueberry Cup,Polar Joy,3467,3446,4541,1982,3525,Machine_3
304,Mango Cup,Frosty Delights,2850,2771,3777,2104,2906,Machine_10
305,Blueberry Sandwich,Polar Joy,4319,4143,4662,2944,4257,Machine_9
306,Strawberry Cup,Arctic Treats,4744,4666,5427,1320,4964,Machine_10
307,Caramel Cone,Velvet Freeze,1137,965,5520,1345,973,Machine_1
308,Pistachio Tub,Arctic Treats,4644,4686,5519,1177,4759,Machine_10
309,Cookie Dough Sandwich,Frosty Delights,4879,4532,4345,1978,4988,Machine_7
310,Blueberry Stick,Creamy Bliss,2129,2196,5334,2315,2087,Machine_10
311,Coffee Cone,Frosty Delights,2002,2092,3714,1857,2085,Machine_1
312,Chocolate Cone,Creamy Bliss,4022,4292,4454,2389,4037,Machine_2
313,Coffee Cone,Creamy Bliss,2420,2152,5143,1267,2352,Machine_7
314,Caramel Cup,Creamy Bliss,2348,2418,5844,2996,2575,Machine_1
315,Mango Cone,Arctic Treats,4000,3987,4992,2646,4055,Machine_1
316,Caramel Sandwich,Sunny Scoops,4067,3875,3625,2414,4181,Machine_6
317,Blueberry Stick,Arctic Treats,1906,2050,3793,1033,2162,Machine_7
318,Chocolate Cup,Sunny Scoops,3681,3840,5690,2289,3416,Machine_9
319,Strawberry Tub,Creamy Bliss,4961,4945,5974,1619,4754,Machine_9
320,Blueberry Tub,Frosty Delights,1183,834,5501,1818,1134,Machine_8
321,Caramel Sandwich,Sunny Scoops,2778,3256,3990,1751,2797,Machine_3
322,Cookie Dough Cup,Sunny Scoops,2501,2179,4681,1271,2334,Machine_3
323,Mango Stick,Sunny Scoops,4166,4625,3545,2658,4240,Machine_3
324,Caramel Cone,Polar Joy,2513,2205,5340,2771,2398,Machine_10
325,Coffee Sandwich,Frosty Delights,1080,1043,3089,2218,1330,Machine_9
326,Strawberry Sandwich,Frosty Delights,1594,1274,4789,1901,1421,Machine_2
327,Blueberry Cone,Polar Joy,3651,3152,4920,2686,3420,Machine_8
328,Caramel Tub,Velvet Freeze,1358,991,4975,2764,1468,Machine_8
329,Vanilla Tub,Velvet Freeze,3988,4058,3656,1057,4261,Machine_1
330,Chocolate Stick,Velvet Freeze,2347,2471,5846,1029,2157,Machine_7
331,Pistachio Tub,Sunny Scoops,4475,4362,3247,2821,4473,Machine_2
332,Mango Stick,Frosty Delights,1806,2123,3862,1668,1549,Machine_1
333,Mango Cone,Velvet Freeze,2570,2136,5953,2339,2273,Machine_5
334,Chocolate Cone,Polar Joy,1074,1127,4589,1101,961,Machine_2
335,Vanilla Cup,Frosty Delights,4194,3695,3967,2588,3963,Machine_2
336,Cookie Dough Cup,Arctic Treats,2972,2798,3933,2042,2998,Machine_10
337,Pistachio Stick,Creamy Bliss,1256,996,4476,2708,1498,Machine_6
338,Pistachio Cup,Velvet Freeze,3830,4278,3122,1076,3956,Machine_1
339,Mint Cone,Polar Joy,3816,3561,5645,2421,4026,Machine_4
340,Coffee Cup,Creamy Bliss,4506,4200,5279,1500,4762,Machine_3
341,Caramel Sandwich,Arctic Treats,4386,4338,4545,2722,4310,Machine_9
342,Blueberry Stick,Velvet Freeze,4590,5018,3241,1277,4863,Machine_2
343,Vanilla Stick,Sunny Scoops,1709,1326,5022,2803,1596,Machine_2
344,Mango Cone,Frosty Delights,2416,2529,5769,2262,2327,Machine_6
345,Vanilla Tub,Velvet Freeze,2355,2326,5472,1806,2629,Machine_5
346,Pistachio Tub,Velvet Freeze,1215,1043,3228,2061,1375,Machine_5
347,Vanilla Tub,Velvet Freeze,2964,2508,4680,1807,2707,Machine_8
348,Coffee Cone,Frosty Delights,1369,1504,5843,1019,1482,Machine_3
349,Mint Stick,Velvet Freeze,2251,2437,4274,1036,2198,Machine_1
350,Blueberry Stick,Creamy Bliss,3847,4205,3540,1295,3729,Machine_1
351,Pistachio Cup,Frosty Delights,3574,3795,4791,2616,3745,Machine_4
352,Vanilla Stick,Creamy Bliss,1787,2264,4678,2190,1945,Machine_4
353,Vanilla Tub,Frosty Delights,4033,3978,3386,2346,3745,Machine_5
354,Chocolate Cup,Frosty Delights,4732,4851,5771,2551,4814,Machine_9
355,Caramel Stick,Velvet Freeze,4915,4955,5608,2149,4963,Machine_7
356,Pistachio Cup,Creamy Bliss,1833,1885,4410,2255,1739,Machine_10
357,Pistachio Cone,Sunny Scoops,2247,2268,5226,2919,2412,Machine_10
358,Caramel Sandwich,Sunny Scoops,3213,2783,3652,2764,3418,Machine_9
359,Blueberry Tub,Polar Joy,1899,1504,4821,2580,1837,Machine_6
360,Vanilla Sandwich,Frosty Delights,1823,1494,5659,2952,2000,Machine_6
361,Coffee Cone,Velvet Freeze,1997,2194,5334,2354,2133,Machine_2
362,Pistachio Cup,Sunny Scoops,2732,3046,4163,2278,2483,Machine_8
363,Strawberry Tub,Creamy Bliss,2340,2414,5655,1550,2375,Machine_3
364,Blueberry Cup,Sunny Scoops,1773,1794,3966,2176,1881,Machine_3
365,Vanilla Cone,Sunny Scoops,4994,4771,4346,2226,5216,Machine_4
366,Chocolate Cup,Arctic Treats,1478,1188,3057,2562,1566,Machine_8
367,Caramel Stick,Frosty Delights,3420,3164,3476,1221,3620,Machine_10
368,Chocolate Sandwich,Creamy Bliss,4635,4689,4584,2690,4384,Machine_9
369,Pistachio Tub,Polar Joy,1034,786,3757,2187,1146,Machine_1
370,Blueberry Stick,Frosty Delights,2954,2634,5121,2786,2661,Machine_3
371,Blueberry Stick,Arctic Treats,4481,4276,3362,2309,4318,Machine_4
372,Cookie Dough Cone,Sunny Scoops,2695,2804,5244,1762,2439,Machine_9
373,Strawberry Stick,Sunny Scoops,2583,2804,3994,1422,2858,Machine_2
374,Strawberry Cone,Frosty Delights,2988,3395,4372,1447,2789,Machine_7
375,Mango Cone,Velvet Freeze,3858,3855,3488,1845,3821,Machine_4
376,Mint Sandwich,Creamy Bliss,1087,1102,4506,1383,1023,Machine_3
377,Coffee Tub,Frosty Delights,2591,2172,4059,2286,2577,Machine_5
378,Chocolate Tub,Frosty Delights,1928,1856,5326,2352,1717,Machine_1
379,Caramel Stick,Arctic Treats,1056,933,4043,2386,1353,Machine_9
380,Mango Cup,Velvet Freeze,3738,3349,3202,1162,3438,Machine_7
381,Cookie Dough Stick,Creamy Bliss,3938,4182,5773,1310,3782,Machine_8
382,Coffee Sandwich,Arctic Treats,4395,4544,5364,1067,4349,Machine_2
383,Caramel Stick,Sunny Scoops,1979,2433,4486,2906,2219,Machine_9
384,Caramel Cup,Polar Joy,1776,1761,5450,2824,2008,Machine_4
385,Pistachio Stick,Sunny Scoops,4476,4730,5754,2436,4268,Machine_6
386,Chocolate Cone,Frosty Delights,4376,4798,4997,2046,4619,Machine_2
387,Mint Tub,Velvet Freeze,1001,798,4133,2422,1265,Machine_9
388,Blueberry Tub,Frosty Delights,3295,3537,3015,2511,3158,Machine_2
389,Mint Cone,Arctic Treats,2520,2989,5557,1347,2612,Machine_10
390,Mango Stick,Arctic Treats,3606,4042,4535,2461,3679,Machine_10
391,Pistachio Tub,Arctic Treats,4037,3922,3972,2839,3810,Machine_9
392,Caramel Stick,Frosty Delights,1976,2376,4268,2536,1821,Machine_1
393,Cookie Dough Stick,Sunny Scoops,1209,759,5915,2135,1222,Machine_1
394,Caramel Tub,Frosty Delights,4789,5210,3132,1042,4836,Machine_4
395,Chocolate Cup,Polar Joy,3551,3553,4621,1629,3770,Machine_9
396,Chocolate Cup,Sunny Scoops,3241,3220,5578,2766,3501,Machine_7
397,Mint Stick,Arctic Treats,3001,2509,3683,2463,2979,Machine_6
398,Chocolate Cup,Arctic Treats,2137,1882,4747,1451,2291,Machine_3
399,Caramel Tub,Sunny Scoops,1974,2376,4648,1087,2033,Machine_1
400,Mango Sandwich,Sunny Scoops,1820,1670,4447,1936,1931,Machine_8
401,Cookie Dough Sandwich,Velvet Freeze,1957,1628,3041,2982,1734,Machine_3
402,Chocolate Stick,Polar Joy,3656,3348,3107,1655,3643,Machine_9
403,Cookie Dough Cup,Sunny Scoops,3092,2893,4246,1627,3248,Machine_4
404,Caramel Sandwich,Velvet Freeze,2583,2762,3201,2205,2635,Machine_6
405,Caramel Stick,Creamy Bliss,1856,2145,4971,2197,1595,Machine_10
406,Coffee Cone,Arctic Treats,3129,2949,3757,2400,3154,Machine_7
407,Cookie Dough Sandwich,Frosty Delights,2123,1701,4297,2347,1934,Machine_1
408,Mint Tub,Arctic Treats,3114,2917,5463,2874,3334,Machine_10
409,Coffee Cup,Velvet Freeze,2246,1966,4161,1373,2189,Machine_3
410,Strawberry Cone,Frosty Delights,2823,3051,4762,2460,2689,Machine_7
411,Strawberry Tub,Frosty Delights,2391,2604,5755,2530,2264,Machine_4
412,Blueberry Cup,Frosty Delights,1137,1060,3776,2190,1153,Machine_6
413,Caramel Stick,Arctic Treats,1557,1624,4809,2595,1377,Machine_6
414,Mango Stick,Frosty Delights,4505,4692,5743,1740,4294,Machine_4
415,Vanilla Sandwich,Polar Joy,2420,2462,5704,1951,2514,Machine_2
416,Chocolate Sandwich,Polar Joy,1859,1830,4666,1832,1634,Machine_2
417,Pistachio Cone,Sunny Scoops,3371,3292,4717,2709,3509,Machine_1
418,Mango Tub,Arctic Treats,1458,1533,4298,2247,1612,Machine_10
419,Mango Cup,Polar Joy,3497,3699,3005,1532,3306,Machine_5
420,Pistachio Sandwich,Velvet Freeze,3485,3102,5717,1221,3638,Machine_8
421,Pistachio Cup,Creamy Bliss,4334,4416,4525,2183,4527,Machine_5
422,Mint Cone,Frosty Delights,2882,3236,5453,2885,2724,Machine_9
423,Chocolate Sandwich,Creamy Bliss,2715,2805,5035,2826,2793,Machine_3
424,Mint Sandwich,Creamy Bliss,4373,4700,3290,1314,4605,Machine_8
425,Vanilla Stick,Frosty Delights,3120,3303,5937,2845,2933,Machine_2
426,Coffee Tub,Sunny Scoops,1863,1871,3262,1346,1784,Machine_9
427,Strawberry Cone,Arctic Treats,2997,3466,5527,1747,3116,Machine_2
428,Mango Cone,Polar Joy,1412,1165,5212,1418,1485,Machine_8
429,Mint Stick,Frosty Delights,3268,3374,3452,2053,3555,Machine_5
430,Blueberry Stick,Arctic Treats,3676,3916,3967,2148,3728,Machine_2
431,Blueberry Stick,Polar Joy,1309,1053,3868,1229,1324,Machine_1
432,Chocolate Sandwich,Frosty Delights,2464,2304,3220,2401,2457,Machine_8
433,Chocolate Sandwich,Velvet Freeze,3863,4017,3236,1462,3739,Machine_4
434,Mango Stick,Velvet Freeze,4742,4261,5674,1594,4967,Machine_4
435,Pistachio Cone,Velvet Freeze,2821,3161,3200,2661,2730,Machine_2
436,Strawberry Cone,Creamy Bliss,3324,2951,4551,2274,3050,Machine_2
437,Mint Cone,Arctic Treats,4802,4448,4433,2591,4682,Machine_7
438,Coffee Cone,Creamy Bliss,1343,1056,5986,2750,1129,Machine_5
439,Mint Sandwich,Velvet Freeze,3171,3407,4452,1772,3172,Machine_7
440,Mango Tub,Velvet Freeze,2417,1973,3823,2995,2455,Machine_8
441,Blueberry Sandwich,Sunny Scoops,1703,2129,3519,2425,1633,Machine_3
442,Strawberry Tub,Velvet Freeze,2435,2641,3756,2683,2392,Machine_7
443,Mint Sandwich,Creamy Bliss,4833,5029,3418,1175,4614,Machine_6
444,Caramel Cone,Creamy Bliss,4604,4178,3123,2737,4875,Machine_10
445,Chocolate Sandwich,Frosty Delights,1440,1215,4305,1843,1655,Machine_4
446,Mint Cup,Polar Joy,4496,4614,4133,1056,4627,Machine_1
447,Strawberry Tub,Polar Joy,4541,4126,5970,2606,4801,Machine_6
448,Mango Sandwich,Arctic Treats,3411,3220,5554,2349,3565,Machine_5
449,Caramel Cone,Sunny Scoops,4358,4298,5878,1596,4281,Machine_10
450,Chocolate Cup,Polar Joy,2191,2378,3888,2756,1994,Machine_3
451,Cookie Dough Cup,Creamy Bliss,3337,3566,4949,1428,3583,Machine_4
452,Pistachio Cone,Sunny Scoops,1085,914,5036,2820,1312,Machine_7
453,Cookie Dough Stick,Creamy Bliss,2435,2332,3248,2656,2583,Machine_8
454,Cookie Dough Tub,Sunny Scoops,2412,2637,3461,2285,2249,Machine_6
455,Blueberry Stick,Sunny Scoops,2744,3006,5424,1047,2550,Machine_1
456,Vanilla Tub,Velvet Freeze,2727,3077,5679,2056,2589,Machine_1
457,Mango Tub,Velvet Freeze,4482,4547,3342,2860,4514,Machine_4
458,Mint Cup,Sunny Scoops,3231,3574,5680,2954,3494,Machine_2
459,Mango Tub,Arctic Treats,2424,2519,3102,2370,2261,Machine_5
460,Cookie Dough Cone,Velvet Freeze,2717,2866,4270,2801,2985,Machine_1
461,Coffee Tub,Arctic Treats,2985,2797,5473,2563,3283,Machine_6
462,Blueberry Cone,Arctic Treats,2285,2384,5004,2691,2348,Machine_3
463,Chocolate Tub,Arctic Treats,3070,3064,4595,1137,2811,Machine_2
464,Caramel Sandwich,Frosty Delights,4254,3851,5909,1594,3976,Machine_7
465,Blueberry Sandwich,Arctic Treats,3692,4011,3908,2497,3771,Machine_1
466,Vanilla Cup,Frosty Delights,3513,3244,4542,1022,3498,Machine_4
467,Vanilla Cup,Velvet Freeze,1535,1057,3982,1810,1634,Machine_3
468,Mango Sandwich,Sunny Scoops,4022,4007,5218,1730,4003,Machine_10
469,Vanilla Cone,Velvet Freeze,1438,1099,4306,2581,1727,Machine_8
470,Mint Stick,Sunny Scoops,3853,3877,3286,1717,3683,Machine_1
471,Chocolate Stick,Velvet Freeze,1414,1175,3891,2459,1689,Machine_6
472,Mint Sandwich,Arctic Treats,3235,3442,5923,2569,3137,Machine_5
473,Cookie Dough Cone,Sunny Scoops,3637,3330,3403,2445,3800,Machine_1
474,Mango Cone,Velvet Freeze,1374,1474,3800,2831,1239,Machine_6
475,Coffee Cup,Velvet Freeze,2634,2736,4725,1629,2423,Machine_5
476,Coffee Cone,Polar Joy,1197,1569,4104,2482,1047,Machine_10
477,Cookie Dough Sandwich,Velvet Freeze,1855,1791,5274,1196,1780,Machine_4
478,Vanilla Sandwich,Frosty Delights,3553,3598,5136,2343,3396,Machine_6
479,Mango Stick,Creamy Bliss,1429,1406,5738,1349,1189,Machine_8
480,Strawberry Sandwich,Frosty Delights,1454,961,5376,2554,1659,Machine_4
481,Blueberry Cone,Creamy Bliss,4390,4126,5194,1285,4368,Machine_3
482,Blueberry Tub,Arctic Treats,4423,4808,4211,2148,4591,Machine_7
483,Coffee Tub,Frosty Delights,4723,4408,5069,1893,4455,Machine_9
484,Mint Cup,Polar Joy,3697,3886,5736,2352,3751,Machine_5
485,Pistachio Sandwich,Velvet Freeze,3168,3126,3791,1263,3305,Machine_9
486,Blueberry Stick,Velvet Freeze,2778,2543,3691,1966,2859,Machine_10
487,Strawberry Tub,Arctic Treats,3013,3264,4883,2843,3033,Machine_8
488,Chocolate Cone,Arctic Treats,4307,4463,4085,1238,4193,Machine_7
489,Coffee Cone,Creamy Bliss,4027,3617,3237,1388,3947,Machine_2
490,Vanilla Cup,Velvet Freeze,2207,1819,3664,2470,2023,Machine_10
491,Pistachio Tub,Creamy Bliss,2764,2682,5211,1164,2768,Machine_5
492,Mango Cone,Frosty Delights,1908,1889,3480,1127,2148,Machine_2
493,Coffee Stick,Arctic Treats,1847,1440,4314,2610,1631,Machine_1
494,Mango Cone,Arctic Treats,3910,3428,5653,2436,4020,Machine_5
495,Pistachio Cone,Polar Joy,1399,1275,4095,2410,1287,Machine_1
496,Cookie Dough Cone,Velvet Freeze,2250,2666,4833,1130,2253,Machine_10
497,Caramel Tub,Creamy Bliss,1018,1167,4243,1728,753,Machine_3
498,Mango Cone,Polar Joy,4260,3894,4834,2105,4332,Machine_9
499,Mango Sandwich,Velvet Freeze,3413,3334,3926,2694,3448,Machine_4
500,Strawberry Tub,Frosty Delights,4534,4547,4650,1993,4465,Machine_2
501,Blueberry Tub,Velvet Freeze,3648,3712,4392,2793,3800,Machine_10
502,Pistachio Tub,Polar Joy,3244,3287,3630,1722,3099,Machine_3
503,Caramel Tub,Frosty Delights,1928,2135,3358,1708,2075,Machine_6
504,Coffee Sandwich,Sunny Scoops,3091,3411,3021,2558,3038,Machine_10
505,Strawberry Tub,Velvet Freeze,1923,2359,3925,1295,2096,Machine_10
506,Mango Sandwich,Sunny Scoops,3391,3386,4464,1932,3209,Machine_6
507,Mint Sandwich,Arctic Treats,1135,810,3532,2955,1289,Machine_10
508,Mint Stick,Arctic Treats,2721,2871,5397,2411,2488,Machine_6
509,Mango Tub,Frosty Delights,2589,2560,5717,2608,2639,Machine_3
510,Blueberry Cup,Arctic Treats,3971,3533,4827,1942,4200,Machine_8
511,Strawberry Cone,Creamy Bliss,3082,2977,5585,2862,3310,Machine_2
512,Mango Sandwich,Sunny Scoops,2310,2673,3157,2031,2519,Machine_10
513,Strawberry Sandwich,Arctic Treats,3798,3921,4922,1586,3996,Machine_7
514,Coffee Cone,Arctic Treats,2865,2555,3520,2742,2825,Machine_9
515,Vanilla Stick,Arctic Treats,3176,3242,3658,2289,3329,Machine_7
516,Strawberry Cup,Sunny Scoops,2694,2206,3900,2000,2919,Machine_3
517,Blueberry Cup,Arctic Treats,3592,3244,3425,2201,3692,Machine_5
518,Mango Stick,Arctic Treats,2905,3269,3443,2980,2719,Machine_7
519,Strawberry Cone,Polar Joy,4137,4550,4157,1463,4319,Machine_7
520,Pistachio Cup,Sunny Scoops,3443,3629,5279,1052,3423,Machine_3
521,Chocolate Sandwich,Creamy Bliss,4218,3794,4026,1751,4399,Machine_4
522,Chocolate Stick,Polar Joy,2548,2392,5054,2700,2323,Machine_8
523,Mint Cone,Frosty Delights,3816,3874,4727,2979,3774,Machine_5
524,Mango Cup,Frosty Delights,2992,2572,5667,2567,2818,Machine_4
525,Strawberry Cone,Sunny Scoops,1335,1561,3148,2353,1155,Machine_1
526,Strawberry Sandwich,Creamy Bliss,1935,1945,4350,2271,2209,Machine_8
527,Chocolate Sandwich,Velvet Freeze,3161,3090,5249,2419,2912,Machine_4
528,Cookie Dough Cup,Velvet Freeze,2059,2496,5049,2236,1922,Machine_7
529,Mint Tub,Creamy Bliss,3731,4046,4173,2611,4016,Machine_4
530,Cookie Dough Sandwich,Arctic Treats,4503,4186,3923,1206,4375,Machine_6
531,Pistachio Sandwich,Arctic Treats,1991,2261,4924,1839,1962,Machine_6
532,Blueberry Sandwich,Sunny Scoops,3904,3938,4501,1646,3746,Machine_5
533,Chocolate Sandwich,Sunny Scoops,2221,1782,5913,2469,2147,Machine_6
534,Cookie Dough Cone,Frosty Delights,3677,3449,4849,2253,3958,Machine_3
535,Strawberry Sandwich,Creamy Bliss,1574,1807,3832,2429,1278,Machine_2
536,Mango Cone,Arctic Treats,2613,2995,4277,2906,2892,Machine_1
537,Vanilla Sandwich,Creamy Bliss,1131,1008,3283,1194,1154,Machine_10
538,Mint Cup,Polar Joy,2382,2333,3107,1339,2317,Machine_2
539,Coffee Cone,Velvet Freeze,4331,4654,3829,1583,4251,Machine_3
540,Mint Cone,Creamy Bliss,1899,1555,4335,2971,1764,Machine_3
541,Strawberry Cone,Creamy Bliss,4248,4011,5704,2447,4507,Machine_7
542,Chocolate Tub,Polar Joy,2272,2092,4522,1916,2197,Machine_3
543,Mint Stick,Frosty Delights,3351,3724,5803,1541,3380,Machine_5
544,Vanilla Stick,Sunny Scoops,2130,2343,3034,2594,1998,Machine_4
545,Mango Sandwich,Arctic Treats,2043,2386,4040,2453,1862,Machine_8
546,Caramel Sandwich,Arctic Treats,3545,3780,5293,1278,3682,Machine_2
547,Cookie Dough Tub,Arctic Treats,4367,3989,5567,1676,4297,Machine_7
548,Mint Stick,Frosty Delights,2925,3033,4921,2948,2635,Machine_4
549,Coffee Stick,Sunny Scoops,3188,2694,5253,1586,3426,Machine_5
550,Mint Cup,Polar Joy,1766,1873,5780,1141,1667,Machine_8
551,Pistachio Tub,Velvet Freeze,1141,1630,3534,2007,1086,Machine_4
552,Blueberry Cone,Frosty Delights,4846,4543,5795,2352,4562,Machine_5
553,Strawberry Cup,Frosty Delights,3518,3387,3749,2210,3624,Machine_10
554,Vanilla Cup,Arctic Treats,2592,2488,4954,2958,2314,Machine_2
555,Mint Stick,Frosty Delights,4173,4548,5081,1973,4473,Machine_10
556,Cookie Dough Stick,Polar Joy,1412,1542,5339,1288,1398,Machine_8
557,Mango Sandwich,Creamy Bliss,2324,2006,5300,2302,2178,Machine_10
558,Caramel Stick,Arctic Treats,2105,2431,4506,1603,2164,Machine_5
559,Chocolate Sandwich,Sunny Scoops,3162,3371,5441,2005,3251,Machine_1
560,Pistachio Stick,Velvet Freeze,1589,1455,3899,2863,1464,Machine_7
561,Vanilla Cup,Sunny Scoops,2017,2233,5375,1969,2265,Machine_7
562,Blueberry Cone,Frosty Delights,2216,1833,3017,1803,2437,Machine_5
563,Vanilla Cone,Polar Joy,3326,3570,3274,2173,3103,Machine_6
564,Coffee Cup,Polar Joy,4492,4716,4315,1343,4394,Machine_5
565,Caramel Cup,Sunny Scoops,4434,4362,4105,1732,4610,Machine_10
566,Pistachio Sandwich,Polar Joy,3780,4022,5164,2304,3545,Machine_5
567,Blueberry Cup,Creamy Bliss,4479,4112,4791,1201,4434,Machine_6
568,Caramel Cone,Arctic Treats,3776,3961,3214,1193,3641,Machine_2
569,Chocolate Sandwich,Velvet Freeze,2812,3140,3490,1587,2935,Machine_10
570,Chocolate Cone,Arctic Treats,3798,3745,4405,1693,3519,Machine_2
571,Pistachio Cone,Frosty Delights,4548,4534,4772,2887,4488,Machine_2
572,Pistachio Tub,Arctic Treats,1792,2224,4165,1531,1908,Machine_10
573,Coffee Tub,Creamy Bliss,1485,1918,5266,1326,1629,Machine_10
574,Mango Tub,Polar Joy,2349,2044,3330,1455,2476,Machine_3
575,Vanilla Cup,Creamy Bliss,2864,3256,4808,2696,2909,Machine_4
576,Mint Sandwich,Polar Joy,2625,2485,3911,1329,2587,Machine_7
577,Caramel Tub,Creamy Bliss,4255,4694,4281,1655,4205,Machine_8
578,Strawberry Sandwich,Polar Joy,4400,4795,4632,2419,4179,Machine_6
579,Cookie Dough Cone,Creamy Bliss,1709,2003,3723,2245,1876,Machine_8
580,Vanilla Cone,Creamy Bliss,2698,3098,5489,1607,2831,Machine_6
581,Pistachio Tub,Velvet Freeze,2862,2365,4778,1535,3010,Machine_6
582,Mint Cone,Sunny Scoops,2503,2717,5675,1594,2259,Machine_5
583,Coffee Stick,Creamy Bliss,4257,3882,3229,1397,4396,Machine_9
584,Mango Stick,Arctic Treats,4704,4793,5693,2386,4708,Machine_3
585,Caramel Tub,Creamy Bliss,1415,1282,3967,2774,1574,Machine_7
586,Blueberry Sandwich,Sunny Scoops,2552,2347,5133,2303,2520,Machine_10
587,Blueberry Cone,Velvet Freeze,4788,4743,4557,1984,4865,Machine_10
588,Strawberry Sandwich,Sunny Scoops,1664,1444,5800,1445,1711,Machine_9
589,Cookie Dough Cup,Creamy Bliss,2246,2193,5110,2624,2282,Machine_9
590,Chocolate Stick,Velvet Freeze,2305,2225,3091,1265,2531,Machine_9
591,Pistachio Cup,Sunny Scoops,1467,1916,5274,2557,1455,Machine_9
592,Pistachio Cone,Creamy Bliss,3788,3885,4677,1399,3733,Machine_2
593,Caramel Sandwich,Arctic Treats,3677,4170,4325,1312,3769,Machine_1
594,Strawberry Stick,Sunny Scoops,2776,2851,4563,2420,2695,Machine_1
595,Pistachio Cone,Sunny Scoops,4461,4659,4042,2438,4219,Machine_8
596,Chocolate Stick,Velvet Freeze,4234,3854,4379,1476,4481,Machine_8
597,Coffee Cone,Arctic Treats,1118,1314,4251,2812,980,Machine_10
598,Caramel Tub,Sunny Scoops,4103,3938,3425,1109,4107,Machine_7
599,Caramel Sandwich,Frosty Delights,2245,1922,5611,1216,2523,Machine_9
600,Caramel Cone,Frosty Delights,1082,1273,4882,2675,1160,Machine_7
601,Caramel Tub,Velvet Freeze,1644,1898,4261,2174,1711,Machine_5
602,Mango Cone,Arctic Treats,1756,2145,4356,2963,1829,Machine_1
603,Coffee Tub,Sunny Scoops,4766,4500,3083,1384,4771,Machine_4
604,Pistachio Tub,Sunny Scoops,2392,2074,5586,2479,2285,Machine_10
605,Caramel Tub,Velvet Freeze,4422,4471,3616,1649,4699,Machine_2
606,Vanilla Stick,Creamy Bliss,1957,1669,5797,2411,1916,Machine_4
607,Cookie Dough Cup,Polar Joy,2607,2453,4544,1335,2875,Machine_10
608,Mint Cone,Arctic Treats,4335,4327,3017,2938,4204,Machine_10
609,Blueberry Cone,Velvet Freeze,2334,2522,5420,1380,2111,Machine_8
610,Mint Cup,Arctic Treats,3932,3552,3594,2420,4161,Machine_8
611,Mint Stick,Velvet Freeze,2544,2762,3725,1998,2726,Machine_1
612,Mint Cup,Sunny Scoops,3004,3104,3769,2157,2810,Machine_6
613,Blueberry Tub,Sunny Scoops,3089,3520,5717,2906,3376,Machine_10
614,Pistachio Cup,Velvet Freeze,4888,4652,4740,2079,5184,Machine_6
615,Vanilla Tub,Velvet Freeze,2374,2672,5448,2493,2302,Machine_5
616,Blueberry Sandwich,Frosty Delights,4829,5162,3646,2407,4905,Machine_3
617,Mango Tub,Arctic Treats,2051,2173,5674,1420,1930,Machine_10
618,Coffee Stick,Creamy Bliss,1490,1154,4312,2067,1675,Machine_9
619,Blueberry Cone,Velvet Freeze,2027,1812,5080,1353,1932,Machine_5
620,Coffee Cone,Velvet Freeze,4769,4458,3436,2849,4751,Machine_7
621,Blueberry Stick,Arctic Treats,4798,4453,5259,2928,4696,Machine_1
622,Blueberry Stick,Arctic Treats,1147,1222,4996,2260,933,Machine_9
623,Chocolate Tub,Creamy Bliss,4518,4817,5378,1471,4520,Machine_2
624,Mint Sandwich,Frosty Delights,3396,3136,5932,2650,3541,Machine_2
625,Caramel Tub,Creamy Bliss,1135,842,5541,1713,1132,Machine_9
626,Mint Sandwich,Creamy Bliss,1079,1158,5873,2152,1084,Machine_6
627,Mint Stick,Velvet Freeze,1627,1647,5985,2846,1834,Machine_1
628,Caramel Cone,Polar Joy,1961,1829,5069,1569,1925,Machine_1
629,Chocolate Stick,Frosty Delights,2568,2075,3018,1222,2566,Machine_8
630,Mint Stick,Velvet Freeze,3247,3670,5822,2341,3442,Machine_4
631,Mint Sandwich,Velvet Freeze,4709,4289,3315,1884,4620,Machine_3
632,Mint Sandwich,Frosty Delights,1090,658,4531,1586,842,Machine_2
633,Pistachio Cone,Creamy Bliss,1586,2041,4328,1586,1370,Machine_3
634,Mint Cup,Arctic Treats,1308,938,5993,1285,1229,Machine_4
635,Blueberry Stick,Velvet Freeze,4358,4082,4930,2907,4557,Machine_1
636,Vanilla Tub,Creamy Bliss,3247,3218,3782,2652,3152,Machine_9
637,Chocolate Cup,Arctic Treats,2204,2309,5832,2072,2217,Machine_7
638,Mango Tub,Creamy Bliss,4243,3911,4696,1840,3988,Machine_1
639,Cookie Dough Sandwich,Frosty Delights,4800,5168,4255,1522,4528,Machine_8
640,Blueberry Cup,Creamy Bliss,4834,5003,5907,1974,4945,Machine_8
641,Mint Cone,Creamy Bliss,4587,4355,3733,1655,4305,Machine_6
642,Strawberry Tub,Frosty Delights,4543,4136,5096,2004,4709,Machine_9
643,Coffee Sandwich,Polar Joy,1105,1271,3719,1145,1086,Machine_1
644,Pistachio Cone,Creamy Bliss,2519,2278,5653,2257,2598,Machine_3
645,Blueberry Tub,Creamy Bliss,1494,1450,5432,2171,1426,Machine_1
646,Blueberry Stick,Polar Joy,4215,4171,3877,1777,4317,Machine_3
647,Blueberry Cone,Frosty Delights,4759,4917,4457,1186,4530,Machine_1
648,Cookie Dough Sandwich,Polar Joy,4531,4452,4494,1198,4372,Machine_10
649,Vanilla Cone,Polar Joy,1883,1742,4025,1306,1730,Machine_1
650,Vanilla Sandwich,Creamy Bliss,1429,1024,4100,2106,1727,Machine_8
651,Strawberry Cone,Creamy Bliss,2690,2241,3059,2047,2544,Machine_4
652,Mint Stick,Polar Joy,4558,4760,5829,1259,4477,Machine_9
653,Pistachio Cone,Arctic Treats,2716,2652,5284,1188,2666,Machine_1
654,Caramel Sandwich,Creamy Bliss,1198,724,4890,1376,1369,Machine_2
655,Vanilla Cone,Frosty Delights,1831,1978,5828,1361,1623,Machine_7
656,Strawberry Sandwich,Polar Joy,1675,1484,5416,1790,1971,Machine_9
657,Mango Cup,Velvet Freeze,2227,2559,3195,1522,2214,Machine_7
658,Coffee Cup,Polar Joy,3515,3378,4281,1979,3373,Machine_10
659,Vanilla Sandwich,Polar Joy,1949,2321,4310,2968,1877,Machine_4
660,Vanilla Stick,Sunny Scoops,3138,3155,4151,1202,2902,Machine_7
661,Mango Cup,Frosty Delights,4624,4420,3719,1475,4468,Machine_10
662,Coffee Cone,Frosty Delights,4365,4859,4767,2108,4589,Machine_10
663,Cookie Dough Cup,Sunny Scoops,2384,2090,4838,1024,2684,Machine_2
664,Mint Tub,Frosty Delights,1509,1707,4756,2564,1587,Machine_6
665,Mint Tub,Frosty Delights,1700,1754,5018,2308,1770,Machine_10
666,Blueberry Cone,Creamy Bliss,3673,3251,4663,2878,3798,Machine_7
667,Mint Cup,Creamy Bliss,3381,3199,4479,2550,3151,Machine_4
668,Pistachio Cup,Arctic Treats,3718,3513,5985,1283,3809,Machine_10
669,Mint Cone,Polar Joy,2764,2946,4218,1111,2544,Machine_4
670,Mint Tub,Velvet Freeze,4240,4195,5435,1833,3948,Machine_8
671,Strawberry Cup,Frosty Delights,2646,2803,3982,1558,2883,Machine_3
672,Cookie Dough Cup,Arctic Treats,3631,3938,5840,2733,3696,Machine_2
673,Vanilla Stick,Velvet Freeze,2855,2924,5810,1991,3079,Machine_5
674,Pistachio Cone,Creamy Bliss,3084,3424,3835,2682,3204,Machine_3
675,Vanilla Cup,Polar Joy,3842,3653,4280,2436,4046,Machine_3
676,Chocolate Stick,Sunny Scoops,3868,4285,3410,1840,3644,Machine_2
677,Blueberry Tub,Creamy Bliss,1767,1323,4080,1084,1661,Machine_6
678,Caramel Cone,Sunny Scoops,4205,4174,5485,2575,4334,Machine_9
679,Caramel Cup,Frosty Delights,4131,3964,3583,2290,4337,Machine_5
680,Coffee Sandwich,Polar Joy,1585,1344,3461,2592,1530,Machine_9
681,Caramel Tub,Sunny Scoops,3491,3480,5257,2083,3297,Machine_10
682,Coffee Cone,Velvet Freeze,3702,3736,5796,1844,3623,Machine_1
683,Caramel Cup,Sunny Scoops,1443,1631,3769,1980,1565,Machine_4
684,Strawberry Tub,Creamy Bliss,3874,3664,4050,1150,3585,Machine_1
685,Coffee Sandwich,Velvet Freeze,4483,4778,3018,2498,4418,Machine_5
686,Blueberry Sandwich,Frosty Delights,4248,4549,5992,1474,4240,Machine_4
687,Strawberry Cone,Creamy Bliss,1046,684,5029,2728,780,Machine_4
688,Cookie Dough Stick,Velvet Freeze,2285,2270,5698,2222,2020,Machine_6
689,Pistachio Cup,Sunny Scoops,2483,2571,3518,2710,2563,Machine_9
690,Vanilla Stick,Creamy Bliss,2450,2465,5217,1635,2248,Machine_2
691,Pistachio Cup,Frosty Delights,4433,4661,5497,1910,4653,Machine_10
692,Blueberry Cone,Frosty Delights,4058,4081,5634,2269,4019,Machine_2
693,Vanilla Sandwich,Arctic Treats,4061,3936,4549,1425,4262,Machine_3
694,Mint Cone,Sunny Scoops,3046,2981,5139,1998,2911,Machine_7
695,Cookie Dough Cone,Velvet Freeze,1833,1468,5429,2911,1556,Machine_1
696,Strawberry Cup,Creamy Bliss,4390,4329,3395,2320,4356,Machine_6
697,Vanilla Cup,Velvet Freeze,2164,1994,4135,2597,2421,Machine_4
698,Mint Cup,Sunny Scoops,3047,2853,4949,2581,2811,Machine_7
699,Blueberry Tub,Velvet Freeze,3610,3794,5336,2232,3726,Machine_7
700,Cookie Dough Cone,Velvet Freeze,1147,1520,4599,2016,1038,Machine_5
701,Vanilla Cup,Arctic Treats,3467,3391,4415,1681,3763,Machine_10
702,Strawberry Cup,Velvet Freeze,1315,1592,4123,2619,1246,Machine_2
703,Mint Stick,Polar Joy,1537,1132,4145,1836,1491,Machine_1
704,Cookie Dough Tub,Creamy Bliss,1662,1820,5563,1061,1950,Machine_6
705,Mango Cone,Polar Joy,1053,1377,3511,2455,817,Machine_3
706,Vanilla Cone,Polar Joy,3678,3611,4480,1568,3729,Machine_7
707,Mint Sandwich,Creamy Bliss,3951,3645,5836,1391,4244,Machine_3
708,Vanilla Stick,Creamy Bliss,3058,3421,3019,2096,2852,Machine_4
709,Mango Sandwich,Arctic Treats,3993,4120,4166,1692,3934,Machine_5
710,Caramel Cup,Sunny Scoops,2118,1898,5535,1300,2317,Machine_9
711,Caramel Sandwich,Arctic Treats,4585,4201,5676,1277,4863,Machine_5
712,Caramel Cup,Arctic Treats,4050,4313,3024,2692,4085,Machine_10
713,Mango Tub,Creamy Bliss,2888,2628,5446,2690,2603,Machine_3
714,Chocolate Tub,Frosty Delights,2760,2409,5675,1066,2526,Machine_7
715,Mint Cup,Velvet Freeze,2602,2148,5938,2221,2325,Machine_2
716,Cookie Dough Tub,Sunny Scoops,3680,3624,4890,1973,3908,Machine_9
717,Strawberry Stick,Velvet Freeze,4600,4274,4078,1917,4778,Machine_6
718,Pistachio Tub,Frosty Delights,2464,2280,4272,2826,2187,Machine_5
719,Mango Cone,Frosty Delights,2492,2176,4950,1386,2275,Machine_2
720,Strawberry Tub,Creamy Bliss,4196,3746,3160,1381,3941,Machine_3
721,Strawberry Cone,Arctic Treats,3654,3903,5331,2312,3419,Machine_4
722,Cookie Dough Cup,Arctic Treats,1409,1084,4742,2939,1388,Machine_3
723,Strawberry Stick,Sunny Scoops,3764,3628,5770,1082,3941,Machine_7
724,Vanilla Sandwich,Arctic Treats,3670,3407,3886,2633,3939,Machine_6
725,Strawberry Sandwich,Polar Joy,2159,2207,4646,2390,2242,Machine_10
726,Pistachio Cone,Polar Joy,3537,3368,5289,2552,3640,Machine_1
727,Mint Stick,Arctic Treats,1103,1477,4224,2346,1074,Machine_2
728,Pistachio Sandwich,Frosty Delights,3569,3836,5550,1089,3813,Machine_1
729,Strawberry Sandwich,Arctic Treats,3903,4312,5635,2771,3808,Machine_9
730,Coffee Tub,Sunny Scoops,3668,3415,4137,2953,3826,Machine_9
731,Coffee Stick,Polar Joy,2306,2389,3418,2108,2535,Machine_7
732,Mint Cup,Creamy Bliss,1673,1423,5785,1068,1801,Machine_10
733,Vanilla Tub,Arctic Treats,3621,3781,3249,2134,3777,Machine_7
734,Vanilla Stick,Creamy Bliss,2647,2598,4195,2354,2374,Machine_3
735,Mint Sandwich,Sunny Scoops,1681,1666,4523,1520,1744,Machine_1
736,Blueberry Cone,Creamy Bliss,2736,2502,3873,1730,2979,Machine_9
737,Chocolate Tub,Frosty Delights,4512,4231,3027,1327,4790,Machine_2
738,Pistachio Sandwich,Arctic Treats,4064,3671,3768,1563,4124,Machine_8
739,Caramel Cone,Sunny Scoops,3281,2907,4002,1384,3088,Machine_8
740,Pistachio Tub,Creamy Bliss,3432,3707,5460,2322,3538,Machine_8
741,Coffee Cone,Arctic Treats,2876,2687,4307,1821,3075,Machine_10
742,Strawberry Sandwich,Sunny Scoops,1298,1746,3316,2198,1077,Machine_7
743,Mango Sandwich,Sunny Scoops,2210,1781,4625,2583,2219,Machine_1
744,Pistachio Sandwich,Velvet Freeze,3656,3670,3707,2738,3511,Machine_1
745,Cookie Dough Tub,Velvet Freeze,4480,4373,3622,2607,4191,Machine_3
746,Caramel Stick,Creamy Bliss,2344,2004,4579,1896,2326,Machine_10
747,Caramel Stick,Creamy Bliss,4869,4470,4101,2638,4945,Machine_2
748,Mango Stick,Polar Joy,1080,811,3969,1715,1112,Machine_9
749,Strawberry Sandwich,Creamy Bliss,1682,1711,4300,1989,1885,Machine_10
750,Caramel Sandwich,Creamy Bliss,2031,2200,5761,2922,1791,Machine_4
751,Cookie Dough Sandwich,Creamy Bliss,2835,2583,3389,1487,2756,Machine_1
752,Cookie Dough Tub,Velvet Freeze,1724,1720,5550,1339,1855,Machine_3
753,Coffee Sandwich,Arctic Treats,2153,2372,3844,2233,2444,Machine_7
754,Caramel Stick,Polar Joy,3848,3354,5829,1666,4146,Machine_10
755,Strawberry Stick,Velvet Freeze,4591,4642,5308,1684,4328,Machine_5
756,Strawberry Sandwich,Creamy Bliss,1050,681,3286,1367,1021,Machine_5
757,Cookie Dough Tub,Sunny Scoops,2825,2952,3361,2311,2945,Machine_3
758,Blueberry Stick,Arctic Treats,3764,4237,5291,2802,3956,Machine_6
759,Pistachio Sandwich,Sunny Scoops,4906,4562,5822,1153,4916,Machine_4
760,Coffee Tub,Creamy Bliss,1060,563,5619,1612,1135,Machine_9
761,Vanilla Cup,Velvet Freeze,2128,1738,3018,2364,1958,Machine_4
762,Mint Cone,Polar Joy,1767,1336,4705,2473,1749,Machine_10
763,Mango Sandwich,Creamy Bliss,4064,4370,4507,1276,3994,Machine_10
764,Vanilla Stick,Polar Joy,4751,4771,5586,2937,4659,Machine_4
765,Strawberry Cone,Frosty Delights,1376,1641,3032,2023,1369,Machine_2
766,Mango Stick,Sunny Scoops,4856,5243,4894,2480,4748,Machine_9
767,Caramel Cup,Creamy Bliss,2003,1666,5835,1842,2142,Machine_4
768,Cookie Dough Sandwich,Arctic Treats,3450,2982,4303,2419,3173,Machine_10
769,Vanilla Cup,Velvet Freeze,4168,3852,5849,2528,3943,Machine_3
770,Chocolate Stick,Creamy Bliss,1608,1475,3921,1498,1851,Machine_9
771,Coffee Tub,Frosty Delights,4336,4301,3455,2870,4547,Machine_8
772,Mango Sandwich,Creamy Bliss,3897,3513,3538,1322,3636,Machine_3
773,Coffee Stick,Sunny Scoops,4735,4707,5279,2027,4507,Machine_5
774,Vanilla Cone,Creamy Bliss,4433,4580,5666,2677,4200,Machine_9
775,Mint Sandwich,Frosty Delights,2311,2768,4755,2661,2535,Machine_10
776,Chocolate Sandwich,Arctic Treats,2705,2471,4379,1869,2587,Machine_7
777,Vanilla Cone,Creamy Bliss,2469,1990,5679,2049,2329,Machine_3
778,Pistachio Stick,Sunny Scoops,2656,2918,4533,1396,2629,Machine_2
779,Mango Sandwich,Velvet Freeze,3572,3216,4859,2275,3454,Machine_2
780,Vanilla Cup,Sunny Scoops,1951,2414,4839,2348,2044,Machine_4
781,Chocolate Cone,Arctic Treats,4505,4744,5101,2538,4523,Machine_2
782,Vanilla Cup,Sunny Scoops,3221,3662,5547,1714,3128,Machine_7
783,Vanilla Stick,Polar Joy,1170,891,3439,1066,1157,Machine_2
784,Coffee Tub,Polar Joy,1035,829,5700,1597,853,Machine_4
785,Cookie Dough Tub,Frosty Delights,3409,3020,4614,1904,3315,Machine_9
786,Cookie Dough Cup,Sunny Scoops,1273,1251,3568,1653,1314,Machine_9
787,Chocolate Cup,Sunny Scoops,4353,4358,5511,2006,4117,Machine_5
788,Strawberry Sandwich,Arctic Treats,3611,3392,3567,1668,3766,Machine_4
789,Strawberry Cone,Arctic Treats,1606,1801,4512,2962,1488,Machine_9
790,Cookie Dough Cup,Creamy Bliss,3159,3574,4244,2800,2978,Machine_3
791,Chocolate Tub,Sunny Scoops,3502,3620,3611,2292,3600,Machine_3
792,Mint Stick,Creamy Bliss,3109,3284,4886,1647,3143,Machine_2
793,Chocolate Sandwich,Velvet Freeze,4626,4834,3419,1301,4341,Machine_5
794,Mint Sandwich,Velvet Freeze,1422,1541,4109,1508,1325,Machine_8
795,Mint Stick,Arctic Treats,2832,2572,5863,2003,2850,Machine_3
796,Caramel Cone,Velvet Freeze,1287,1434,5899,1836,1431,Machine_3
797,Vanilla Cone,Polar Joy,3587,3127,3132,2390,3615,Machine_5
798,Strawberry Cone,Creamy Bliss,4414,4149,3487,1055,4248,Machine_9
799,Cookie Dough Cone,Polar Joy,4567,4540,4100,2758,4854,Machine_4
800,Chocolate Stick,Arctic Treats,1410,1473,4841,2539,1433,Machine_8
801,Pistachio Stick,Frosty Delights,3160,3149,3821,2510,2888,Machine_1
802,Coffee Sandwich,Creamy Bliss,1320,1795,3098,2998,1048,Machine_7
803,Strawberry Tub,Creamy Bliss,1792,2157,3940,2202,1628,Machine_7
804,Mango Sandwich,Frosty Delights,1404,1589,4101,2522,1361,Machine_10
805,Blueberry Stick,Polar Joy,1117,1455,5023,1670,910,Machine_6
806,Blueberry Cup,Sunny Scoops,4048,3572,4620,1320,4205,Machine_4
807,Pistachio Tub,Creamy Bliss,1906,1868,4623,1774,1976,Machine_5
808,Caramel Tub,Creamy Bliss,1140,652,4829,1646,1002,Machine_9
809,Vanilla Sandwich,Arctic Treats,2145,1674,5330,2448,2242,Machine_7
810,Mint Cup,Velvet Freeze,1181,1522,4609,1382,1098,Machine_9
811,Coffee Sandwich,Sunny Scoops,3147,3402,3268,1603,3252,Machine_5
812,Mint Stick,Velvet Freeze,4823,4851,5303,2619,4872,Machine_10
813,Pistachio Cone,Velvet Freeze,3821,4283,5695,1254,3539,Machine_5
814,Pistachio Stick,Polar Joy,4384,4098,3380,1680,4202,Machine_6
815,Caramel Cup,Sunny Scoops,1231,1547,5328,2283,1432,Machine_5
816,Coffee Cup,Sunny Scoops,3248,3168,3457,2671,3266,Machine_6
817,Caramel Sandwich,Frosty Delights,2340,2047,4932,2390,2050,Machine_9
818,Mint Tub,Arctic Treats,3684,3885,5134,1869,3452,Machine_6
819,Mango Cone,Polar Joy,4086,4069,4720,1448,3838,Machine_9
820,Strawberry Cup,Velvet Freeze,4492,4164,3510,1183,4291,Machine_7
821,Pistachio Stick,Creamy Bliss,4866,4416,5165,2337,4629,Machine_5
822,Caramel Tub,Creamy Bliss,3502,3873,5812,2911,3623,Machine_5
823,Blueberry Tub,Sunny Scoops,1023,698,5006,2074,1085,Machine_4
824,Vanilla Sandwich,Velvet Freeze,3930,3578,4343,1902,3741,Machine_3
825,Blueberry Stick,Velvet Freeze,2370,2805,4848,1455,2517,Machine_5
826,Caramel Tub,Polar Joy,1638,1456,3049,1821,1876,Machine_4
827,Coffee Tub,Polar Joy,1703,1651,3337,1879,1809,Machine_9
828,Cookie Dough Cone,Creamy Bliss,1911,1874,3668,2551,1776,Machine_3
829,Blueberry Stick,Sunny Scoops,4096,3978,3617,1277,3855,Machine_6
830,Pistachio Sandwich,Arctic Treats,3713,3428,3380,2014,3869,Machine_8
831,Cookie Dough Cone,Arctic Treats,2235,2716,3922,2354,2337,Machine_1
832,Mint Cone,Sunny Scoops,1196,754,5453,1044,1347,Machine_2
833,Blueberry Stick,Arctic Treats,2740,2561,5998,2458,2917,Machine_7
834,Coffee Sandwich,Creamy Bliss,4712,4879,4727,2469,4573,Machine_2
835,Mint Tub,Frosty Delights,4863,4677,4559,1608,4825,Machine_4
836,Caramel Cone,Sunny Scoops,3750,3262,4824,2104,3873,Machine_5
837,Blueberry Sandwich,Creamy Bliss,3356,2857,4375,1166,3459,Machine_8
838,Cookie Dough Cone,Polar Joy,2558,2324,3256,1240,2418,Machine_3
839,Blueberry Sandwich,Polar Joy,3089,3404,4497,2328,2958,Machine_1
840,Strawberry Cup,Creamy Bliss,3104,3255,5157,1486,3186,Machine_3
841,Mango Cup,Frosty Delights,4077,3630,4178,2647,4226,Machine_9
842,Vanilla Sandwich,Sunny Scoops,1687,1388,5604,2426,1746,Machine_9
843,Caramel Sandwich,Arctic Treats,3137,2961,5821,2388,3106,Machine_7
844,Pistachio Tub,Sunny Scoops,4589,4213,3473,2967,4824,Machine_8
845,Caramel Cone,Frosty Delights,4155,3731,3516,1248,4447,Machine_7
846,Blueberry Cup,Creamy Bliss,2224,2061,5497,2703,2417,Machine_8
847,Mint Sandwich,Creamy Bliss,1426,1661,3100,1044,1704,Machine_8
848,Strawberry Cup,Polar Joy,4638,4993,3734,1646,4393,Machine_5
849,Cookie Dough Tub,Velvet Freeze,1800,1348,4072,1056,2056,Machine_9
850,Mint Stick,Sunny Scoops,1514,1364,4396,2308,1469,Machine_3
851,Strawberry Stick,Velvet Freeze,2833,3117,5311,2470,2918,Machine_10
852,Mango Cone,Sunny Scoops,4077,3899,4764,1601,3793,Machine_6
853,Mint Sandwich,Frosty Delights,2948,3382,4472,1254,2877,Machine_6
854,Mango Tub,Polar Joy,1619,1783,3256,1104,1413,Machine_4
855,Blueberry Tub,Creamy Bliss,3247,3195,3825,2084,3443,Machine_5
856,Strawberry Stick,Frosty Delights,4912,4670,4247,2838,4766,Machine_9
857,Chocolate Sandwich,Velvet Freeze,4407,4709,5962,1096,4328,Machine_9
858,Mint Stick,Velvet Freeze,3722,3514,3428,1222,3739,Machine_9
859,Cookie Dough Tub,Sunny Scoops,4905,5287,5800,2129,4846,Machine_6
860,Pistachio Sandwich,Polar Joy,1111,1517,5265,1118,876,Machine_3
861,Caramel Sandwich,Polar Joy,3604,3389,5632,2080,3852,Machine_9
862,Mango Stick,Polar Joy,1179,1149,5731,2435,1354,Machine_1
863,Mango Cup,Sunny Scoops,1397,1519,4476,1446,1098,Machine_1
864,Cookie Dough Cone,Creamy Bliss,3515,3753,3467,1502,3690,Machine_3
865,Caramel Cone,Arctic Treats,4104,4395,5189,2757,3970,Machine_4
866,Cookie Dough Sandwich,Sunny Scoops,2222,2665,4317,2602,2236,Machine_8
867,Coffee Cup,Frosty Delights,1756,1853,3078,2510,1833,Machine_10
868,Coffee Cup,Frosty Delights,1787,1325,3538,2334,2081,Machine_6
869,Vanilla Tub,Creamy Bliss,1121,1158,4776,2805,1402,Machine_10
870,Blueberry Cup,Creamy Bliss,4585,4533,5656,2145,4659,Machine_7
871,Vanilla Tub,Polar Joy,2884,3362,4054,2924,2658,Machine_10
872,Mint Stick,Polar Joy,1977,1974,4439,2561,1715,Machine_4
873,Coffee Tub,Arctic Treats,1347,1396,3076,2178,1065,Machine_6
874,Strawberry Sandwich,Velvet Freeze,1377,1855,5503,1140,1472,Machine_2
875,Pistachio Tub,Arctic Treats,4121,3839,3802,1434,4223,Machine_2
876,Cookie Dough Cone,Velvet Freeze,4669,4286,4080,1883,4687,Machine_8
877,Chocolate Cup,Creamy Bliss,4817,5060,3032,1039,4817,Machine_10
878,Mint Cup,Frosty Delights,3625,3717,3698,1955,3453,Machine_7
879,Vanilla Stick,Velvet Freeze,1674,1311,4806,2136,1832,Machine_8
880,Pistachio Tub,Arctic Treats,3577,3339,4837,1047,3709,Machine_4
881,Vanilla Sandwich,Creamy Bliss,4090,3785,3451,1957,3798,Machine_3
882,Pistachio Sandwich,Arctic Treats,1620,1146,3738,1097,1876,Machine_1
883,Chocolate Sandwich,Creamy Bliss,3723,3818,4244,2219,3566,Machine_1
884,Blueberry Sandwich,Creamy Bliss,4981,5052,5995,1055,5040,Machine_9
885,Mango Stick,Sunny Scoops,2205,2615,4272,2375,2262,Machine_5
886,Chocolate Sandwich,Arctic Treats,1138,1347,3824,1708,1379,Machine_2
887,Caramel Cone,Velvet Freeze,3111,2695,3481,1539,2993,Machine_8
888,Cookie Dough Sandwich,Polar Joy,1240,1404,3786,1645,1414,Machine_5
889,Vanilla Stick,Arctic Treats,4046,3598,3903,1293,3910,Machine_10
890,Blueberry Stick,Creamy Bliss,3813,4121,5594,2332,3904,Machine_3
891,Blueberry Tub,Velvet Freeze,3626,3234,4030,2425,3522,Machine_8
892,Mango Cup,Velvet Freeze,2568,2855,5156,2676,2688,Machine_7
893,Blueberry Cone,Polar Joy,4415,4137,5860,1059,4524,Machine_3
894,Coffee Cone,Arctic Treats,3527,3704,4614,2620,3312,Machine_2
895,Mint Cup,Velvet Freeze,3217,2779,5644,2898,3005,Machine_9
896,Coffee Cup,Creamy Bliss,1265,1569,3931,2219,1168,Machine_1
897,Strawberry Cup,Frosty Delights,4951,4817,4540,1233,4776,Machine_5
898,Coffee Tub,Velvet Freeze,3431,3443,4738,2471,3694,Machine_6
899,Strawberry Cone,Sunny Scoops,2513,2291,3406,2304,2301,Machine_7
900,Mango Tub,Arctic Treats,1220,788,4536,1426,1276,Machine_4
901,Pistachio Tub,Creamy Bliss,1366,1685,3272,2544,1082,Machine_4
902,Mint Cup,Sunny Scoops,2967,2763,4261,1018,3265,Machine_8
903,Strawberry Cone,Polar Joy,3260,3739,5320,2544,3518,Machine_6
904,Strawberry Cone,Velvet Freeze,4114,3665,3463,1810,4111,Machine_2
905,Vanilla Stick,Velvet Freeze,2093,2199,3895,2410,2098,Machine_4
906,Mint Cone,Frosty Delights,4079,4480,5294,2318,4044,Machine_8
907,Pistachio Sandwich,Sunny Scoops,4189,4471,3285,1967,4434,Machine_1
908,Coffee Cup,Velvet Freeze,1875,2261,3522,1616,1595,Machine_8
909,Strawberry Stick,Arctic Treats,1739,1911,5618,2236,1492,Machine_10
910,Pistachio Cup,Creamy Bliss,4212,4436,4570,2059,4366,Machine_6
911,Coffee Stick,Creamy Bliss,2348,2494,4003,2004,2415,Machine_4
912,Chocolate Stick,Creamy Bliss,2468,2781,5847,1041,2316,Machine_7
913,Strawberry Tub,Sunny Scoops,4658,4855,3701,1213,4530,Machine_5
914,Vanilla Cup,Sunny Scoops,4385,4491,4585,1069,4093,Machine_8
915,Pistachio Cup,Creamy Bliss,2937,3058,3853,2229,2888,Machine_7
916,Mango Cup,Arctic Treats,4190,4333,3041,1021,4392,Machine_5
917,Chocolate Sandwich,Sunny Scoops,1353,934,3749,1203,1330,Machine_3
918,Cookie Dough Sandwich,Creamy Bliss,3115,3252,3226,2282,2911,Machine_4
919,Pistachio Tub,Frosty Delights,1816,2205,3821,1843,2104,Machine_5
920,Coffee Sandwich,Creamy Bliss,2766,3174,4467,1618,2664,Machine_3
921,Blueberry Tub,Arctic Treats,1037,1451,4611,2248,1134,Machine_7
922,Blueberry Stick,Arctic Treats,4537,4551,3118,2612,4275,Machine_6
923,Pistachio Sandwich,Polar Joy,4671,4770,3018,2029,4690,Machine_6
924,Blueberry Stick,Arctic Treats,4642,4910,5323,1430,4444,Machine_8
925,Vanilla Tub,Creamy Bliss,4515,4803,3803,2428,4769,Machine_7
926,Blueberry Tub,Creamy Bliss,4779,4824,3597,2484,4715,Machine_1
927,Caramel Stick,Arctic Treats,2458,2442,3870,1088,2540,Machine_8
928,Coffee Stick,Polar Joy,3416,3005,3078,2063,3346,Machine_10
929,Pistachio Cup,Frosty Delights,1060,677,3322,1309,1162,Machine_9
930,Mint Cup,Velvet Freeze,1113,1608,4739,1474,902,Machine_3
931,Blueberry Cone,Polar Joy,4374,4732,3629,2236,4567,Machine_8
932,Mint Cup,Creamy Bliss,3676,3209,3378,2613,3934,Machine_8
933,Blueberry Tub,Frosty Delights,4202,3950,5977,2964,3923,Machine_10
934,Pistachio Stick,Velvet Freeze,1043,936,3445,1302,1025,Machine_7
935,Blueberry Tub,Sunny Scoops,2134,1991,4992,1798,2299,Machine_6
936,Blueberry Sandwich,Frosty Delights,1898,2219,4735,1337,2172,Machine_8
937,Mango Tub,Sunny Scoops,4352,4381,3239,2308,4449,Machine_4
938,Caramel Cone,Creamy Bliss,1456,1140,4472,1882,1674,Machine_5
939,Coffee Sandwich,Frosty Delights,1930,2260,3956,1396,1973,Machine_5
940,Chocolate Cone,Sunny Scoops,1461,1813,4752,1361,1314,Machine_8
941,Cookie Dough Sandwich,Arctic Treats,4497,4379,3840,2505,4475,Machine_6
942,Mango Sandwich,Creamy Bliss,4078,3911,5948,1915,4251,Machine_2
943,Blueberry Cone,Velvet Freeze,3977,4428,4981,1519,4186,Machine_9
944,Strawberry Sandwich,Sunny Scoops,3401,3735,4111,2146,3352,Machine_4
945,Cookie Dough Stick,Arctic Treats,1202,1562,4292,1000,1375,Machine_10
946,Pistachio Tub,Sunny Scoops,1951,1659,5874,2162,2030,Machine_9
947,Pistachio Cone,Polar Joy,2070,1832,3843,1346,2325,Machine_5
948,Mint Cup,Polar Joy,1883,2337,4905,2265,2112,Machine_9
949,Caramel Tub,Sunny Scoops,4457,4431,3973,1511,4427,Machine_5
950,Caramel Stick,Polar Joy,1822,2170,4725,1777,1853,Machine_2
951,Mint Tub,Arctic Treats,3441,3045,4312,2433,3175,Machine_3
952,Coffee Stick,Frosty Delights,3708,3802,3483,1780,3680,Machine_10
953,Pistachio Sandwich,Polar Joy,1956,1999,3033,2832,2002,Machine_2
954,Mango Cup,Polar Joy,2985,2812,3449,1008,3266,Machine_5
955,Coffee Cone,Sunny Scoops,2934,3306,4715,1779,3179,Machine_7
956,Strawberry Tub,Sunny Scoops,4871,5001,3023,2261,4731,Machine_8
957,Mango Cone,Sunny Scoops,4725,4764,5993,2738,4463,Machine_1
958,Chocolate Sandwich,Velvet Freeze,2804,3124,3792,2686,2937,Machine_9
959,Pistachio Sandwich,Polar Joy,2378,2058,5739,1516,2292,Machine_6
960,Coffee Cone,Velvet Freeze,2583,2354,3698,1599,2654,Machine_6
961,Vanilla Tub,Velvet Freeze,4056,3962,4231,2426,3829,Machine_6
962,Caramel Cup,Creamy Bliss,3075,2686,4803,1231,3015,Machine_8
963,Mango Cone,Sunny Scoops,2930,2617,5437,2444,2886,Machine_7
964,Vanilla Cone,Velvet Freeze,4206,4208,4051,2700,4383,Machine_3
965,Strawberry Tub,Frosty Delights,2750,3100,4995,2631,2674,Machine_6
966,Chocolate Cone,Velvet Freeze,1379,1375,5923,2971,1240,Machine_2
967,Mango Sandwich,Arctic Treats,3822,4013,3066,2338,3935,Machine_5
968,Vanilla Cup,Frosty Delights,4674,5043,4930,2854,4394,Machine_4
969,Pistachio Sandwich,Sunny Scoops,1709,1548,3049,1514,1546,Machine_9
970,Mango Cup,Creamy Bliss,2391,2561,3261,2097,2201,Machine_7
971,Blueberry Sandwich,Frosty Delights,4875,4659,4409,1750,5059,Machine_1
972,Mango Cone,Polar Joy,1327,1180,4751,2322,1408,Machine_9
973,Mint Stick,Frosty Delights,4720,4497,3901,2284,4647,Machine_2
974,Caramel Stick,Arctic Treats,2140,2438,3759,1325,2305,Machine_7
975,Pistachio Cone,Sunny Scoops,1776,1870,3706,2645,1758,Machine_2
976,Cookie Dough Stick,Arctic Treats,4631,4256,4904,2167,4609,Machine_1
977,Mint Sandwich,Sunny Scoops,1151,934,3778,1127,918,Machine_6
978,Cookie Dough Cup,Sunny Scoops,1666,2048,5374,1715,1580,Machine_6
979,Mango Cone,Sunny Scoops,1636,1607,5271,2345,1733,Machine_8
980,Pistachio Tub,Frosty Delights,4560,4667,3402,2931,4556,Machine_9
981,Chocolate Cup,Creamy Bliss,2344,2262,3597,2618,2166,Machine_2
982,Strawberry Tub,Creamy Bliss,2830,2711,5020,1734,3074,Machine_8
983,Strawberry Cup,Velvet Freeze,4871,4514,4705,2537,4673,Machine_5
984,Blueberry Tub,Polar Joy,4453,4907,5616,2329,4181,Machine_7
985,Cookie Dough Sandwich,Velvet Freeze,3540,3720,5324,1671,3719,Machine_8
986,Chocolate Sandwich,Creamy Bliss,2580,2571,4819,1942,2650,Machine_1
987,Caramel Cup,Creamy Bliss,4213,4536,4701,2553,4316,Machine_2
988,Mango Cup,Creamy Bliss,3976,4008,5939,2685,3755,Machine_4
989,Pistachio Cup,Polar Joy,4672,4616,4550,1879,4594,Machine_10
990,Cookie Dough Cup,Frosty Delights,3210,3661,4543,1159,3457,Machine_4
991,Mango Sandwich,Polar Joy,1607,1946,4829,1021,1726,Machine_10
992,Chocolate Cup,Polar Joy,4135,4298,5969,1000,4175,Machine_2
993,Blueberry Cone,Frosty Delights,4132,4547,4960,1766,4225,Machine_6
994,Mango Stick,Sunny Scoops,3573,3883,4737,1068,3641,Machine_8
995,Coffee Cup,Polar Joy,1714,1946,5461,2013,1852,Machine_4
996,Chocolate Stick,Polar Joy,2308,1880,3198,2311,2498,Machine_6
997,Mint Cone,Polar Joy,2290,1904,4772,2799,2176,Machine_4
998,Caramel Cone,Creamy Bliss,1665,2165,3492,2516,1818,Machine_7
999,Coffee Stick,Arctic Treats,1306,1137,3623,2073,1279,Machine_9
1000,Pistachio Tub,Velvet Freeze,4713,4621,5087,1010,4638,Machine_10
